GlobalRank,TldRank,Domain,TLD,RefSubNets,RefIPs,IDN_Domain,IDN_TLD,PrevGlobalRank,PrevTldRank,PrevRefSubNets,PrevRefIPs
1,1,google.com,com,490194,2191825,google.com,com,1,1,490407,2193141
2,2,facebook.com,com,479364,2261582,facebook.com,com,2,2,479535,2263132
3,3,youtube.com,com,433041,1879919,youtube.com,com,3,3,433141,1881157
4,4,twitter.com,com,397556,1649721,twitter.com,com,4,4,397721,1651396
5,5,instagram.com,com,386646,1691365,instagram.com,com,5,5,386839,1692613
6,6,linkedin.com,com,354648,1384326,linkedin.com,com,6,6,355088,1385830
7,7,microsoft.com,com,280330,734060,microsoft.com,com,7,7,280784,736048
8,8,apple.com,com,265749,807052,apple.com,com,8,8,265997,808306
9,9,googletagmanager.com,com,264911,918483,googletagmanager.com,com,9,9,265065,919442
10,1,wikipedia.org,org,242392,787140,wikipedia.org,org,10,1,242495,788372
11,10,github.com,com,235337,576809,github.com,com,11,10,235324,577129
12,2,wordpress.org,org,232695,825435,wordpress.org,org,12,2,232822,826175
13,1,youtu.be,be,215972,673763,youtu.be,be,13,1,216121,674622
14,11,play.google.com,com,202186,556175,play.google.com,com,14,11,202397,556958
15,3,en.wikipedia.org,org,201006,588841,en.wikipedia.org,org,15,3,201121,589753
16,12,pinterest.com,com,199234,729364,pinterest.com,com,16,12,199503,730398
17,1,goo.gl,gl,194574,642940,goo.gl,gl,17,1,194802,643761
18,13,maps.google.com,com,192315,677801,maps.google.com,com,18,13,192445,678318
19,14,vimeo.com,com,178248,565375,vimeo.com,com,19,14,178423,566312
20,15,docs.google.com,com,169674,479499,docs.google.com,com,20,15,169788,480111
21,16,apps.apple.com,com,162250,408528,apps.apple.com,com,21,16,162460,409230
22,17,whatsapp.com,com,158031,549502,whatsapp.com,com,22,17,158199,550129
23,1,bit.ly,ly,156861,441218,bit.ly,ly,23,1,157035,441962
24,18,amazon.com,com,151327,416158,amazon.com,com,24,18,151448,416651
25,19,adobe.com,com,151275,393167,adobe.com,com,25,19,151303,393665
26,20,wordpress.com,com,150088,430154,wordpress.com,com,26,20,150311,430759
27,21,x.com,com,149605,448177,x.com,com,27,21,149672,448712
28,22,plus.google.com,com,146152,451340,plus.google.com,com,28,22,146325,451743
29,23,tiktok.com,com,144215,452361,tiktok.com,com,29,23,144318,452945
30,4,mozilla.org,org,143982,387252,mozilla.org,org,30,4,144268,387809
31,24,player.vimeo.com,com,143215,429691,player.vimeo.com,com,31,24,143319,430479
32,25,drive.google.com,com,142489,385318,drive.google.com,com,32,25,142641,385630
33,26,blogspot.com,com,140845,395445,blogspot.com,com,33,26,141065,395841
34,5,nginx.org,org,138950,295379,nginx.org,org,34,5,138728,294932
35,27,api.whatsapp.com,com,138578,475425,api.whatsapp.com,com,35,27,138695,475971
36,28,nginx.com,com,136413,288916,nginx.com,com,36,28,136173,288454
37,29,support.google.com,com,135880,407740,support.google.com,com,37,29,136101,408320
38,1,wa.me,me,135611,475644,wa.me,me,38,1,135682,475848
39,30,policies.google.com,com,134867,426862,policies.google.com,com,39,30,135050,427669
40,1,europa.eu,eu,131988,407613,europa.eu,eu,40,1,132185,408370
41,6,apache.org,org,129751,256908,apache.org,org,41,6,129719,256870
42,2,t.me,me,121971,399739,t.me,me,42,2,121955,399768
43,31,itunes.apple.com,com,121665,282642,itunes.apple.com,com,43,31,121857,283322
44,32,gravatar.com,com,116972,353741,gravatar.com,com,44,32,117029,354067
45,1,github.io,io,116007,249440,github.io,io,45,1,116028,249580
46,33,yahoo.com,com,114477,279460,yahoo.com,com,46,33,114588,279848
47,2,maps.app.goo.gl,gl,112668,339100,maps.app.goo.gl,gl,47,2,112809,339330
48,1,miit.gov.cn,cn,112300,695953,miit.gov.cn,cn,48,1,112269,696052
49,34,tumblr.com,com,111512,328063,tumblr.com,com,49,34,111735,328464
50,35,macromedia.com,com,110938,264503,macromedia.com,com,50,35,110997,264624
51,36,reddit.com,com,110491,316071,reddit.com,com,51,36,110655,316573
52,37,qq.com,com,109564,477706,qq.com,com,52,37,109558,477984
53,2,beian.miit.gov.cn,cn,109391,663912,beian.miit.gov.cn,cn,53,2,109331,663836
54,1,forms.gle,gle,108089,273840,forms.gle,gle,55,1,108187,273998
55,1,nih.gov,gov,107868,278073,nih.gov,gov,54,1,108216,278708
56,38,spotify.com,com,105968,296002,spotify.com,com,56,38,106111,296457
57,7,httpd.apache.org,org,104500,201193,httpd.apache.org,org,57,7,104440,200925
58,39,support.apple.com,com,103482,286879,support.apple.com,com,58,39,103760,287447
59,40,amazonaws.com,com,103437,232567,amazonaws.com,com,59,40,103544,233039
60,41,cloudflare.com,com,101180,288310,cloudflare.com,com,60,41,101853,290110
61,42,flickr.com,com,100378,256831,flickr.com,com,61,42,100521,257058
62,43,sites.google.com,com,97919,231632,sites.google.com,com,62,43,98003,231703
63,44,medium.com,com,97663,242194,medium.com,com,63,44,97828,242608
64,8,archive.org,org,97554,241387,archive.org,org,64,8,97684,241716
65,45,nytimes.com,com,97258,248884,nytimes.com,com,65,45,97402,249342
66,46,open.spotify.com,com,96992,268131,open.spotify.com,com,66,46,97111,268568
67,47,office.com,com,96378,231377,office.com,com,67,47,96487,231591
68,1,linkos.bg,bg,94517,220515,linkos.bg,bg,68,1,94610,220693
69,48,download.macromedia.com,com,94360,219031,download.macromedia.com,com,69,48,94421,219152
70,9,w3.org,org,93455,191691,w3.org,org,70,9,93605,191976
71,49,baidu.com,com,92420,344269,baidu.com,com,72,50,92464,344470
72,50,soundcloud.com,com,92398,248567,soundcloud.com,com,71,49,92489,248866
73,10,creativecommons.org,org,91614,202007,creativecommons.org,org,73,10,91704,202143
74,51,forbes.com,com,90634,228873,forbes.com,com,74,51,90797,229335
75,2,www.ncbi.nlm.nih.gov,gov,87313,216033,www.ncbi.nlm.nih.gov,gov,75,2,87645,216427
76,1,zoom.us,us,86329,196342,zoom.us,us,76,1,86543,196765
77,1,sourceforge.net,net,84137,159424,sourceforge.net,net,77,1,84182,159508
78,52,theguardian.com,com,82758,207779,theguardian.com,com,78,52,82977,208107
79,11,web.archive.org,org,81807,195632,web.archive.org,org,79,11,81956,195986
80,1,t.co,co,81105,222810,t.co,co,80,1,81286,223197
81,53,sciencedirect.com,com,80039,185855,sciencedirect.com,com,81,53,80226,186255
82,54,paypal.com,com,79832,210179,paypal.com,com,82,54,79980,210475
83,55,developers.google.com,com,79540,204974,developers.google.com,com,83,55,79686,205313
84,56,live.com,com,79123,184718,live.com,com,86,57,78113,182489
85,57,cnn.com,com,78854,191536,cnn.com,com,84,56,79014,191767
86,12,doi.org,org,78037,169608,doi.org,org,85,12,78227,169794
87,2,cpanel.net,net,77648,282355,cpanel.net,net,87,2,77410,281350
88,58,dropbox.com,com,77272,175667,dropbox.com,com,88,58,77394,175956
89,1,who.int,int,76797,177350,who.int,int,89,1,77028,177697
90,59,wixsite.com,com,76660,185130,wixsite.com,com,91,60,76766,185348
91,60,opera.com,com,76176,188810,opera.com,com,92,61,76310,188941
92,61,oracle.com,com,75462,142056,oracle.com,com,93,62,75580,142253
93,62,googleblog.com,com,75403,191321,googleblog.com,com,94,63,75512,191498
94,3,go.cpanel.net,net,74996,274171,go.cpanel.net,net,95,3,74751,273160
95,63,tinyurl.com,com,74550,184872,tinyurl.com,com,96,64,74674,185239
96,64,vk.com,com,74476,243138,vk.com,com,90,59,76800,249395
97,65,bbc.com,com,73552,179613,bbc.com,com,97,65,73730,179701
98,1,bbc.co.uk,uk,73257,177270,bbc.co.uk,uk,98,1,73459,177418
99,66,godaddy.com,com,72718,177480,godaddy.com,com,99,66,72994,178110
100,67,l.facebook.com,com,72565,182046,l.facebook.com,com,100,67,72716,182159
101,68,issuu.com,com,71809,165821,issuu.com,com,101,68,72046,166028
102,69,youtube-nocookie.com,com,71757,171381,youtube-nocookie.com,com,102,69,71905,171704
103,4,launchpad.net,net,71304,125467,launchpad.net,net,103,4,71261,125253
104,5,php.net,net,70999,132866,php.net,net,104,5,71083,132961
105,70,weebly.com,com,70205,162467,weebly.com,com,105,70,70273,162484
106,1,mit.edu,edu,70079,147783,mit.edu,edu,106,1,70207,147926
107,2,harvard.edu,edu,69750,162287,harvard.edu,edu,107,2,69898,162475
108,71,reuters.com,com,69369,164176,reuters.com,com,108,71,69522,164271
109,72,shopify.com,com,69183,170770,shopify.com,com,111,72,69289,170822
110,6,researchgate.net,net,69112,157829,researchgate.net,net,110,6,69292,158229
111,3,cdc.gov,gov,69097,170132,cdc.gov,gov,109,3,69297,170494
112,73,accounts.google.com,com,68828,142836,accounts.google.com,com,116,76,66820,135641
113,74,imdb.com,com,67327,169785,imdb.com,com,112,73,67510,170033
114,75,wiley.com,com,67143,147514,wiley.com,com,113,74,67361,147758
115,13,wikimedia.org,org,67031,151437,wikimedia.org,org,114,13,67092,151622
116,76,nature.com,com,66884,146579,nature.com,com,115,75,67068,146777
117,14,un.org,org,66500,142657,un.org,org,117,14,66732,142870
118,15,gnu.org,org,66485,120995,gnu.org,org,119,15,66546,121035
119,77,bing.com,com,66482,151708,bing.com,com,118,77,66619,151821
120,78,weibo.com,com,65043,167186,weibo.com,com,121,79,65161,167574
121,79,washingtonpost.com,com,65001,155084,washingtonpost.com,com,120,78,65210,155493
122,80,workspaceupdates.googleblog.com,com,64533,163683,workspaceupdates.googleblog.com,com,122,80,64665,163843
123,81,ibm.com,com,64295,128748,ibm.com,com,123,81,64357,128939
124,82,springer.com,com,64074,137877,springer.com,com,124,82,64223,138082
125,83,wpa.qq.com,com,63359,235147,wpa.qq.com,com,125,83,63369,235217
126,84,bloomberg.com,com,62380,143074,bloomberg.com,com,126,84,62628,143389
127,16,debian.org,org,62160,107294,debian.org,org,127,16,62145,107121
128,1,linktr.ee,ee,62025,151872,linktr.ee,ee,128,1,62112,152022
129,85,wsj.com,com,61856,143229,wsj.com,com,129,85,62092,143596
130,3,stanford.edu,edu,61756,130981,stanford.edu,edu,130,3,61951,131144
131,86,msn.com,com,60775,134512,msn.com,com,131,86,60946,134743
132,87,outlook.com,com,60580,128170,outlook.com,com,132,87,60760,128370
133,88,mp.weixin.qq.com,com,60266,153123,mp.weixin.qq.com,com,133,88,60346,153310
134,89,businessinsider.com,com,59718,141508,businessinsider.com,com,134,89,59889,141898
135,3,beian.gov.cn,cn,58119,169084,beian.gov.cn,cn,135,3,58178,169542
136,4,pubmed.ncbi.nlm.nih.gov,gov,57933,135662,pubmed.ncbi.nlm.nih.gov,gov,136,4,58138,135908
137,90,list-manage.com,com,57891,130690,list-manage.com,com,137,90,58028,130796
138,91,get.adobe.com,com,57528,127148,get.adobe.com,com,138,91,57594,127231
139,92,ailawandorder.com,com,57480,109234,ailawandorder.com,com,142,94,57257,108654
140,93,onlinelibrary.wiley.com,com,57364,123580,onlinelibrary.wiley.com,com,139,92,57585,123765
141,5,nasa.gov,gov,57360,122564,nasa.gov,gov,140,5,57559,122702
142,94,statista.com,com,57091,131657,statista.com,com,141,93,57306,132031
143,95,unsplash.com,com,56647,135092,unsplash.com,com,143,95,56793,135260
144,2,www.gov.uk,uk,56195,135463,www.gov.uk,uk,144,2,56415,135719
145,1,g.page,page,56144,145999,g.page,page,145,1,56208,146099
146,7,cloudfront.net,net,55831,122844,cloudfront.net,net,146,7,55909,123050
147,3,telegram.me,me,54935,167662,telegram.me,me,147,3,55050,167686
148,96,plesk.com,com,54625,158731,plesk.com,com,149,97,54518,158394
149,97,eventbrite.com,com,54509,124061,eventbrite.com,com,148,96,54666,124291
150,98,wp.com,com,53923,154488,wp.com,com,150,98,54027,154515
151,1,amzn.to,to,53712,166571,amzn.to,to,151,1,53803,166843
152,99,cnbc.com,com,53601,124801,cnbc.com,com,153,100,53756,125047
153,100,time.com,com,53313,122267,time.com,com,154,101,53483,122514
154,101,wired.com,com,53249,118188,wired.com,com,155,102,53374,118443
155,102,go.com,com,52936,122350,go.com,com,156,103,53033,122440
156,17,cookiedatabase.org,org,52929,165230,cookiedatabase.org,org,157,17,52946,165273
157,1,discord.gg,gg,52555,125710,discord.gg,gg,158,1,52630,125784
158,103,mysql.com,com,52489,88603,mysql.com,com,160,104,52556,88671
159,8,slideshare.net,net,52484,109334,slideshare.net,net,159,8,52621,109497
160,18,npr.org,org,52316,125282,npr.org,org,161,18,52437,125394
161,1,installatiegereedschap.nl,nl,52260,162875,installatiegereedschap.nl,nl,162,1,52273,162924
162,3,dailymail.co.uk,uk,51818,121223,dailymail.co.uk,uk,163,3,51988,121330
163,104,mail.google.com,com,51794,107994,mail.google.com,com,152,99,53781,115242
164,105,addtoany.com,com,51419,135292,addtoany.com,com,164,105,51490,135379
165,9,behance.net,net,51328,125092,behance.net,net,166,9,51367,125172
166,106,usatoday.com,com,51300,121668,usatoday.com,com,165,106,51488,121785
167,107,myshopify.com,com,51227,118746,myshopify.com,com,167,107,51316,118879
168,108,googleusercontent.com,com,51190,119588,googleusercontent.com,com,169,108,51277,119813
169,1,twitch.tv,tv,51159,123952,twitch.tv,tv,168,1,51285,124170
170,19,ietf.org,org,50935,85869,ietf.org,org,170,19,50997,85993
171,109,hp.com,com,50800,93590,hp.com,com,171,109,50894,93611
172,110,example.com,com,50735,113199,example.com,com,172,110,50796,113217
173,111,calendly.com,com,50501,128077,calendly.com,com,173,111,50552,128170
174,4,telegraph.co.uk,uk,50181,114500,telegraph.co.uk,uk,174,4,50356,114504
175,20,commons.wikimedia.org,org,49837,108958,commons.wikimedia.org,org,175,20,49919,109052
176,1,aboutads.info,info,49791,139228,aboutads.info,info,176,1,49836,139442
177,112,ebay.com,com,49523,113189,ebay.com,com,177,112,49665,113575
178,113,cnet.com,com,49260,108123,cnet.com,com,178,113,49408,108222
179,114,aws.amazon.com,com,48808,95224,aws.amazon.com,com,179,114,48915,95580
180,115,ted.com,com,48769,104361,ted.com,com,180,115,48893,104396
181,4,berkeley.edu,edu,48632,100346,berkeley.edu,edu,181,4,48716,100444
182,6,loc.gov,gov,48470,93091,loc.gov,gov,182,6,48492,93118
183,116,stackoverflow.com,com,48382,90577,stackoverflow.com,com,184,117,48449,90699
184,117,canva.com,com,48354,109424,canva.com,com,183,116,48473,109583
185,118,gitlab.com,com,48173,83716,gitlab.com,com,186,119,48215,83664
186,119,outlook.live.com,com,48150,112012,outlook.live.com,com,206,134,45705,107671
187,120,etsy.com,com,48132,122618,etsy.com,com,185,118,48300,122661
188,121,aliyun.com,com,48063,132701,aliyun.com,com,188,121,48034,132656
189,122,oup.com,com,47972,102029,oup.com,com,187,120,48110,102210
190,123,surveymonkey.com,com,47446,93437,surveymonkey.com,com,189,122,47591,93618
191,124,blogger.com,com,47318,114232,blogger.com,com,190,123,47378,114316
192,125,ft.com,com,47226,102683,ft.com,com,191,124,47346,102837
193,21,validator.w3.org,org,47101,88255,validator.w3.org,org,192,21,47133,88286
194,126,calendar.google.com,com,47016,110268,calendar.google.com,com,195,126,47027,110337
195,1,gc.ca,ca,46998,101983,gc.ca,ca,193,1,47099,102082
196,127,openai.com,com,46890,104345,openai.com,com,194,125,47040,104616
197,5,independent.co.uk,uk,46790,107727,independent.co.uk,uk,196,5,46953,107894
198,128,sharepoint.com,com,46742,86117,sharepoint.com,com,197,127,46907,86304
199,4,line.me,me,46691,152510,line.me,me,198,4,46738,152934
200,129,tandfonline.com,com,46398,97441,tandfonline.com,com,199,128,46508,97578
201,130,i0.wp.com,com,46395,130493,i0.wp.com,com,200,129,46486,130457
202,131,hubspot.com,com,46330,102669,hubspot.com,com,201,130,46429,102915
203,132,techcrunch.com,com,46284,102220,techcrunch.com,com,202,131,46370,102458
204,133,huawei.com,com,46262,121496,huawei.com,com,203,132,46320,121658
205,134,britannica.com,com,46209,109439,britannica.com,com,204,133,46090,109288
206,5,cornell.edu,edu,45919,99564,cornell.edu,edu,205,5,46061,99755
207,135,squarespace.com,com,45540,101618,squarespace.com,com,207,135,45694,101787
208,136,discord.com,com,45533,106823,discord.com,com,209,137,45633,107012
209,7,ca.gov,gov,45348,105795,ca.gov,gov,210,7,45516,106022
210,137,wix.com,com,45258,96743,wix.com,com,211,138,45358,96855
211,138,hugedomains.com,com,45224,108065,hugedomains.com,com,208,136,45677,109230
212,6,amazon.co.uk,uk,45107,110720,amazon.co.uk,uk,213,6,45262,110988
213,139,cbsnews.com,com,45103,105664,cbsnews.com,com,212,139,45294,105818
214,140,yelp.com,com,44795,126260,yelp.com,com,215,141,44851,126499
215,141,imgur.com,com,44780,98299,imgur.com,com,214,140,44910,98392
216,22,fr.wikipedia.org,org,44765,100676,fr.wikipedia.org,org,216,22,44835,100714
217,23,networkadvertising.org,org,44688,113075,networkadvertising.org,org,217,23,44798,113226
218,142,outlook.office.com,com,44683,102929,outlook.office.com,com,218,142,44723,102965
219,24,allaboutcookies.org,org,44626,111618,allaboutcookies.org,org,219,24,44719,111760
220,143,perfectdomain.com,com,44428,87181,perfectdomain.com,com,220,143,44579,87202
221,144,mailchimp.com,com,44425,101127,mailchimp.com,com,221,144,44538,101328
222,145,myspace.com,com,44408,97365,myspace.com,com,222,145,44510,97402
223,146,tripadvisor.com,com,44329,107735,tripadvisor.com,com,225,147,44369,107756
224,147,uk.com,com,44318,117012,uk.com,com,226,148,44363,116716
225,1,free.fr,fr,44305,89113,free.fr,fr,224,1,44383,89246
226,148,pixabay.com,com,44291,106090,pixabay.com,com,223,146,44396,106160
227,1,google.de,de,44218,130259,google.de,de,227,1,44297,130382
228,149,prnewswire.com,com,44190,96982,prnewswire.com,com,229,150,44270,97205
229,150,stripe.com,com,44183,104300,stripe.com,com,228,149,44284,104427
230,25,unesco.org,org,44160,89900,unesco.org,org,230,25,44220,89886
231,6,washington.edu,edu,43653,80964,washington.edu,edu,232,6,43768,81024
232,151,theverge.com,com,43644,95506,theverge.com,com,231,151,43789,95622
233,152,jotform.com,com,43619,97592,jotform.com,com,233,152,43763,97750
234,26,hbr.org,org,43581,93928,hbr.org,org,234,26,43750,94269
235,153,redhat.com,com,43516,71260,redhat.com,com,235,153,43561,71387
236,154,latimes.com,com,43365,99742,latimes.com,com,237,154,43492,99796
237,8,fda.gov,gov,43355,95623,fda.gov,gov,236,8,43554,95827
238,155,dailymotion.com,com,43340,99691,dailymotion.com,com,238,155,43456,99764
239,10,themeforest.net,net,43283,108183,themeforest.net,net,241,10,43287,108210
240,27,iso.org,org,43225,73787,iso.org,org,240,27,43292,73804
241,156,sagepub.com,com,43167,91137,sagepub.com,com,239,156,43347,91218
242,157,investopedia.com,com,43003,104393,investopedia.com,com,242,157,43145,104642
243,158,goodreads.com,com,42845,99758,goodreads.com,com,243,158,42936,99841
244,2,g.co,co,42748,104256,g.co,co,244,2,42797,104258
245,159,webmd.com,com,42564,105932,webmd.com,com,246,160,42669,105904
246,160,samsung.com,com,42564,89283,samsung.com,com,245,159,42744,89354
247,161,microsoftonline.com,com,42525,72308,microsoftonline.com,com,247,161,42600,72409
248,162,web.facebook.com,com,42490,115713,web.facebook.com,com,248,162,42561,115641
249,163,bandcamp.com,com,42435,99357,bandcamp.com,com,249,163,42514,99470
250,7,princeton.edu,edu,42389,78787,princeton.edu,edu,250,7,42477,78864
251,4,sina.com.cn,cn,42006,93921,sina.com.cn,cn,251,4,42100,94085
252,164,nationalgeographic.com,com,41956,90142,nationalgeographic.com,com,252,164,42082,90235
253,28,cambridge.org,org,41936,88038,cambridge.org,org,253,28,42076,88210
254,165,booking.com,com,41758,97348,booking.com,com,254,165,41815,97465
255,9,whitehouse.gov,gov,41538,89818,whitehouse.gov,gov,255,9,41698,89945
256,1,mailchi.mp,mp,41451,86995,mailchi.mp,mp,257,1,41539,87074
257,166,netflix.com,com,41415,98907,netflix.com,com,256,166,41599,99220
258,167,web.whatsapp.com,com,41410,114606,web.whatsapp.com,com,258,167,41463,114614
259,168,trustpilot.com,com,41348,104922,trustpilot.com,com,259,168,41463,105177
260,29,de.wikipedia.org,org,41296,108767,de.wikipedia.org,org,260,29,41406,108840
261,30,arxiv.org,org,41178,79855,arxiv.org,org,262,30,41281,79978
262,169,huffingtonpost.com,com,41165,92703,huffingtonpost.com,com,261,169,41329,92804
263,170,theatlantic.com,com,41105,91792,theatlantic.com,com,263,170,41266,91878
264,2,gouv.fr,fr,41070,98616,gouv.fr,fr,264,2,41158,98813
265,10,usda.gov,gov,40975,91286,usda.gov,gov,265,10,41076,91458
266,31,mayoclinic.org,org,40818,101515,mayoclinic.org,org,266,31,40919,101682
267,171,substack.com,com,40593,95517,substack.com,com,268,172,40674,95726
268,172,quora.com,com,40566,94698,quora.com,com,267,171,40722,94923
269,173,mdpi.com,com,40492,83006,mdpi.com,com,269,173,40594,83112
270,11,epa.gov,gov,40455,89931,epa.gov,gov,270,11,40546,90046
271,32,worldbank.org,org,40349,81145,worldbank.org,org,271,32,40489,81232
272,174,mckinsey.com,com,40264,82858,mckinsey.com,com,272,174,40385,83089
273,175,livejournal.com,com,40110,86397,livejournal.com,com,275,176,40163,86363
274,176,abcnews.go.com,com,40096,89877,abcnews.go.com,com,274,175,40203,89885
275,33,dx.doi.org,org,40085,73743,dx.doi.org,org,273,33,40205,73839
276,177,nbcnews.com,com,39809,92445,nbcnews.com,com,276,177,39954,92558
277,178,healthline.com,com,39781,103783,healthline.com,com,277,178,39896,104041
278,179,taobao.com,com,39700,81258,taobao.com,com,278,179,39726,81337
279,2,readthedocs.io,io,39564,65843,readthedocs.io,io,279,2,39583,65881
280,180,dribbble.com,com,39318,91879,dribbble.com,com,281,181,39338,91864
281,1,yandex.ru,ru,39268,122818,yandex.ru,ru,283,1,39281,122809
282,181,bp.blogspot.com,com,39245,88818,bp.blogspot.com,com,280,180,39346,88740
283,34,weforum.org,org,39160,80627,weforum.org,org,282,34,39294,80768
284,182,youronlinechoices.com,com,39095,104559,youronlinechoices.com,com,284,182,39195,104747
285,8,academia.edu,edu,39039,79638,academia.edu,edu,287,8,39077,79571
286,183,finance.yahoo.com,com,39035,85911,finance.yahoo.com,com,285,183,39113,86081
287,184,scribd.com,com,38955,83181,scribd.com,com,286,184,39084,83273
288,185,163.com,com,38912,82007,163.com,com,288,185,38988,82090
289,35,ieee.org,org,38820,72427,ieee.org,org,290,35,38889,72492
290,186,kickstarter.com,com,38784,84035,kickstarter.com,com,289,186,38903,84175
291,187,docker.com,com,38708,68814,docker.com,com,291,187,38717,68918
292,188,youku.com,com,38639,91072,youku.com,com,292,188,38694,91236
293,189,scholar.google.com,com,38596,76522,scholar.google.com,com,293,189,38666,76571
294,190,indeed.com,com,38505,86712,indeed.com,com,294,190,38615,86983
295,191,skype.com,com,38473,99975,skype.com,com,295,191,38574,100132
296,192,marriott.com,com,38443,78600,marriott.com,com,296,192,38562,78666
297,193,bilibili.com,com,38372,75549,bilibili.com,com,297,193,38479,75593
298,194,indiatimes.com,com,38365,89251,indiatimes.com,com,298,194,38459,89315
299,7,google.co.uk,uk,38071,86338,google.co.uk,uk,299,7,38192,86424
300,36,change.org,org,38015,82239,change.org,org,300,36,38176,82343
301,37,pbs.org,org,37918,84169,pbs.org,org,301,37,38063,84182
302,195,ubuntu.com,com,37877,64234,ubuntu.com,com,304,195,37901,64275
303,12,noaa.gov,gov,37824,77267,noaa.gov,gov,302,12,37949,77341
304,9,columbia.edu,edu,37762,75016,columbia.edu,edu,303,9,37911,75117
305,196,aol.com,com,37629,75416,aol.com,com,307,198,37713,75432
306,197,fb.com,com,37567,81350,fb.com,com,308,199,37646,81510
307,198,translate.google.com,com,37561,74760,translate.google.com,com,309,200,37641,74848
308,199,businesswire.com,com,37543,79544,businesswire.com,com,305,196,37751,79827
309,200,deloitte.com,com,37535,73836,deloitte.com,com,306,197,37733,74200
310,13,state.gov,gov,37435,79356,state.gov,gov,310,13,37537,79372
311,201,statcounter.com,com,37410,92991,statcounter.com,com,311,201,37477,93098
312,38,frontiersin.org,org,37346,78219,frontiersin.org,org,312,38,37477,78355
313,202,domainmarket.com,com,37333,74003,domainmarket.com,com,315,203,37398,73927
314,203,foxnews.com,com,37308,83305,foxnews.com,com,313,202,37473,83370
315,204,sedo.com,com,37282,85457,sedo.com,com,318,206,37330,85362
316,205,usnews.com,com,37243,83703,usnews.com,com,316,204,37348,83733
317,10,umich.edu,edu,37221,74442,umich.edu,edu,314,10,37427,74596
318,206,economist.com,com,37169,76316,economist.com,com,317,205,37337,76405
319,207,theconversation.com,com,37160,80178,theconversation.com,com,319,207,37315,80275
320,208,pexels.com,com,37068,84059,pexels.com,com,320,208,37128,84087
321,39,python.org,org,36996,64137,python.org,org,321,39,37091,64212
322,209,cisco.com,com,36962,67389,cisco.com,com,323,209,37051,67533
323,210,freepik.com,com,36924,80301,freepik.com,com,324,210,36987,80295
324,211,deviantart.com,com,36918,78116,deviantart.com,com,325,211,36969,78216
325,212,fandom.com,com,36844,83357,fandom.com,com,327,213,36949,83498
326,213,biomedcentral.com,com,36835,75400,biomedcentral.com,com,326,212,36964,75510
327,214,steampowered.com,com,36762,81699,steampowered.com,com,328,214,36900,81915
328,215,apnews.com,com,36757,85469,apnews.com,com,329,215,36882,85496
329,40,apa.org,org,36750,77824,apa.org,org,322,40,37064,78359
330,216,office365.com,com,36708,67238,office365.com,com,332,216,36628,67115
331,41,plos.org,org,36626,73568,plos.org,org,330,41,36781,73737
332,11,yale.edu,edu,36588,74937,yale.edu,edu,331,11,36684,74968
333,217,psychologytoday.com,com,36364,83989,psychologytoday.com,com,333,217,36505,84186
334,218,zendesk.com,com,36359,74315,zendesk.com,com,334,218,36489,74490
335,219,eepurl.com,com,36296,81382,eepurl.com,com,336,219,36374,81500
336,5,fb.me,me,36286,74213,fb.me,me,335,5,36439,74367
337,220,arcgis.com,com,36253,69337,arcgis.com,com,337,220,36323,69468
338,221,huffpost.com,com,36095,82457,huffpost.com,com,338,221,36262,82609
339,1,bsky.app,app,36028,89611,bsky.app,app,340,1,36011,89574
340,8,ox.ac.uk,uk,35984,69514,ox.ac.uk,uk,339,8,36117,69507
341,222,xing.com,com,35759,91971,xing.com,com,342,223,35824,92078
342,12,psu.edu,edu,35722,71153,psu.edu,edu,343,12,35793,71151
343,223,store.steampowered.com,com,35702,79199,store.steampowered.com,com,341,222,35832,79365
344,42,openstreetmap.org,org,35688,70796,openstreetmap.org,org,346,42,35750,70759
345,224,intel.com,com,35652,65595,intel.com,com,344,224,35788,65675
346,13,upenn.edu,edu,35640,71250,upenn.edu,edu,345,13,35772,71336
347,2,cbc.ca,ca,35590,80566,cbc.ca,ca,347,2,35703,80568
348,225,patreon.com,com,35384,81254,patreon.com,com,348,225,35458,81306
349,1,business.site,site,35090,75511,business.site,site,349,1,35186,75592
350,226,akismet.com,com,35064,93027,akismet.com,com,351,227,35112,93032
351,227,wikihow.com,com,35048,77524,wikihow.com,com,350,226,35145,77611
352,228,salesforce.com,com,34995,70519,salesforce.com,com,359,233,34778,70107
353,229,sun.com,com,34953,53283,sun.com,com,353,228,35001,53259
354,1,or.kr,kr,34936,72201,or.kr,kr,352,1,35036,72310
355,43,oecd.org,org,34876,65645,oecd.org,org,354,43,34988,65708
356,230,typeform.com,com,34865,71752,typeform.com,com,355,229,34984,71933
357,231,vice.com,com,34829,75072,vice.com,com,357,231,34947,75274
358,232,bmj.com,com,34807,71754,bmj.com,com,356,230,34963,71849
359,233,learn.microsoft.com,com,34797,66443,learn.microsoft.com,com,358,232,34863,66551
360,2,amazon.de,de,34633,88456,amazon.de,de,360,2,34747,88573
361,234,nypost.com,com,34582,79415,nypost.com,com,361,234,34687,79509
362,235,fortune.com,com,34513,73587,fortune.com,com,362,235,34664,73722
363,236,jimdo.com,com,34496,79586,jimdo.com,com,366,238,34451,79638
364,237,newsweek.com,com,34490,74582,newsweek.com,com,363,236,34549,74720
365,238,googleapis.com,com,34445,68959,googleapis.com,com,364,237,34534,68964
366,239,cpanel.com,com,34395,92560,cpanel.com,com,373,245,34027,91284
367,44,pewresearch.org,org,34283,74404,pewresearch.org,org,365,44,34476,74574
368,240,newyorker.com,com,34208,73307,newyorker.com,com,367,239,34330,73460
369,241,dev.mysql.com,com,34161,52756,dev.mysql.com,com,369,241,34189,52781
370,242,zdnet.com,com,34095,66688,zdnet.com,com,368,240,34254,66899
371,243,oreilly.com,com,34088,57647,oreilly.com,com,370,242,34132,57667
372,244,v.qq.com,com,33971,77814,v.qq.com,com,374,246,34000,77946
373,245,typepad.com,com,33922,71288,typepad.com,com,371,243,34071,71368
374,246,sciencedaily.com,com,33886,72714,sciencedaily.com,com,372,244,34029,72809
375,1,fb.watch,watch,33809,67534,fb.watch,watch,375,1,33900,67636
376,247,giphy.com,com,33734,73109,giphy.com,com,376,247,33845,73178
377,14,uci.edu,edu,33673,57552,uci.edu,edu,377,14,33740,57622
378,248,alibaba.com,com,33606,64527,alibaba.com,com,378,248,33642,64596
379,11,threads.net,net,33519,80941,threads.net,net,379,11,33578,80908
380,249,about.com,com,33402,67055,about.com,com,380,249,33535,67105
381,250,dropcatch.com,com,33339,74840,dropcatch.com,com,381,250,33523,75054
382,14,ftc.gov,gov,33232,71547,ftc.gov,gov,382,14,33378,71736
383,45,eff.org,org,33150,58858,eff.org,org,384,45,33233,58926
384,251,chatgpt.com,com,33125,72708,chatgpt.com,com,383,251,33234,72850
385,252,android.com,com,33101,63010,android.com,com,385,252,33214,63188
386,253,sohu.com,com,33099,68325,sohu.com,com,386,253,33128,68416
387,254,fastcompany.com,com,33016,68576,fastcompany.com,com,387,254,33122,68774
388,255,themeisle.com,com,33011,84103,themeisle.com,com,389,256,33048,84108
389,1,abc.net.au,au,32950,70776,abc.net.au,au,390,1,33016,70842
390,256,buzzfeed.com,com,32910,73621,buzzfeed.com,com,388,255,33064,73732
391,257,geocities.com,com,32853,61855,geocities.com,com,392,257,32935,61843
392,15,umn.edu,edu,32841,63475,umn.edu,edu,391,15,32959,63517
393,46,jstor.org,org,32768,64967,jstor.org,org,393,46,32854,64955
394,258,scientificamerican.com,com,32723,68850,scientificamerican.com,com,394,258,32836,68938
395,259,nvidia.com,com,32670,63071,nvidia.com,com,395,259,32830,63222
396,260,tripod.com,com,32660,62984,tripod.com,com,396,260,32713,62913
397,261,mashable.com,com,32575,67909,mashable.com,com,397,261,32685,68039
398,9,cam.ac.uk,uk,32433,59733,cam.ac.uk,uk,398,9,32567,59868
399,15,nist.gov,gov,32321,59168,nist.gov,gov,399,15,32442,59337
400,16,nps.gov,gov,32143,71519,nps.gov,gov,402,16,32207,71673
401,262,gofundme.com,com,32134,71915,gofundme.com,com,401,263,32249,72014
402,263,merriam-webster.com,com,32118,69139,merriam-webster.com,com,400,262,32321,69417
403,264,tencent.com,com,32104,55480,tencent.com,com,405,264,32087,55358
404,1,go.id,id,32082,79535,go.id,id,403,1,32126,79576
405,12,windows.net,net,32066,62625,windows.net,net,404,12,32102,62702
406,265,elegantthemes.com,com,31927,80191,elegantthemes.com,com,407,266,31974,80220
407,266,news.google.com,com,31915,75531,news.google.com,com,406,265,32015,75556
408,267,dw.com,com,31821,67262,dw.com,com,408,267,31970,67415
409,47,coursera.org,org,31774,65487,coursera.org,org,409,47,31871,65560
410,16,wisc.edu,edu,31647,60308,wisc.edu,edu,410,16,31772,60294
411,268,elsevier.com,com,31525,56134,elsevier.com,com,411,268,31634,56241
412,269,xinhuanet.com,com,31493,65517,xinhuanet.com,com,414,269,31503,65518
413,1,telegra.ph,ph,31487,67941,telegra.ph,ph,413,1,31547,67939
414,17,irs.gov,gov,31459,70877,irs.gov,gov,412,17,31591,71046
415,48,postgresql.org,org,31402,49902,postgresql.org,org,415,48,31452,49914
416,49,fao.org,org,31327,60880,fao.org,org,416,49,31435,60949
417,1,admin.ch,ch,31273,66073,admin.ch,ch,417,1,31387,66159
418,50,sciencemag.org,org,31165,57742,sciencemag.org,org,418,50,31268,57755
419,17,ucla.edu,edu,31044,60922,ucla.edu,edu,419,17,31168,61042
420,18,jhu.edu,edu,31042,61190,jhu.edu,edu,420,18,31148,61237
421,1,gob.mx,mx,30919,63482,gob.mx,mx,421,1,30982,63553
422,270,marketwatch.com,com,30807,65104,marketwatch.com,com,423,271,30946,65154
423,271,vox.com,com,30798,66339,vox.com,com,422,270,30977,66582
424,51,wiktionary.org,org,30782,63251,wiktionary.org,org,425,51,30853,63334
425,272,thelancet.com,com,30766,62310,thelancet.com,com,424,272,30935,62541
426,273,disqus.com,com,30713,65462,disqus.com,com,428,274,30775,65473
427,3,canada.ca,ca,30708,68672,canada.ca,ca,427,3,30775,68670
428,274,dell.com,com,30686,56286,dell.com,com,426,273,30791,56476
429,275,gizmodo.com,com,30655,62857,gizmodo.com,com,429,275,30766,62935
430,276,jamanetwork.com,com,30624,64045,jamanetwork.com,com,430,276,30713,64212
431,19,si.edu,edu,30582,61802,si.edu,edu,431,19,30707,61876
432,277,gartner.com,com,30450,57728,gartner.com,com,432,277,30592,57910
433,278,globenewswire.com,com,30392,63987,globenewswire.com,com,433,278,30537,64131
434,20,cmu.edu,edu,30392,55784,cmu.edu,edu,435,21,30472,55888
435,21,uchicago.edu,edu,30382,59356,uchicago.edu,edu,434,20,30495,59364
436,279,inc.com,com,30172,63624,inc.com,com,437,280,30286,63719
437,18,ed.gov,gov,30143,62010,ed.gov,gov,439,18,30243,62006
438,280,hilton.com,com,30136,59130,hilton.com,com,440,282,30166,59178
439,281,stackexchange.com,com,30124,56312,stackexchange.com,com,438,281,30245,56314
440,52,jigsaw.w3.org,org,30096,53136,jigsaw.w3.org,org,442,52,30109,53151
441,10,ico.org.uk,uk,30047,75432,ico.org.uk,uk,441,10,30160,75459
442,282,wpguardian.com,com,30030,74834,wpguardian.com,com,446,286,29908,74621
443,3,wpguardian.io,io,30028,74831,wpguardian.io,io,447,3,29906,74618
444,283,naver.com,com,29973,71358,naver.com,com,443,283,30035,71437
445,284,arstechnica.com,com,29857,58810,arstechnica.com,com,444,284,29974,58942
446,285,meetup.com,com,29813,60768,meetup.com,com,445,285,29955,60856
447,53,acs.org,org,29773,57376,acs.org,org,448,53,29859,57398
448,54,pnas.org,org,29660,58805,pnas.org,org,450,54,29748,58904
449,22,utexas.edu,edu,29660,55055,utexas.edu,edu,449,22,29787,55071
450,286,digg.com,com,29619,60252,digg.com,com,451,287,29698,60327
451,287,medicalnewstoday.com,com,29560,71609,medicalnewstoday.com,com,453,289,29662,71762
452,288,slack.com,com,29535,58349,slack.com,com,452,288,29669,58569
453,55,aboutcookies.org,org,29517,67544,aboutcookies.org,org,455,55,29534,67648
454,289,aliexpress.com,com,29508,58520,aliexpress.com,com,454,290,29584,58600
455,290,odoo.com,com,29459,50210,odoo.com,com,456,291,29519,50249
456,19,bls.gov,gov,29388,62928,bls.gov,gov,459,19,29491,63056
457,291,techtarget.com,com,29384,60568,techtarget.com,com,458,292,29506,60733
458,292,getbootstrap.com,com,29313,50832,getbootstrap.com,com,463,296,29386,50920
459,293,entrepreneur.com,com,29304,62529,entrepreneur.com,com,461,294,29417,62640
460,294,walmart.com,com,29295,69928,walmart.com,com,460,293,29425,70124
461,20,house.gov,gov,29274,61922,house.gov,gov,464,20,29358,61974
462,295,ikea.com,com,29266,62580,ikea.com,com,462,295,29410,62667
463,56,moodle.org,org,29220,46369,moodle.org,org,467,57,29227,46340
464,296,elpais.com,com,29202,62996,elpais.com,com,465,297,29259,62989
465,57,mitre.org,org,29181,45208,mitre.org,org,466,56,29240,45261
466,297,constantcontact.com,com,29168,60924,constantcontact.com,com,468,298,29226,61025
467,298,matterport.com,com,29031,55729,matterport.com,com,469,299,29120,55802
468,299,intuit.com,com,29017,64308,intuit.com,com,436,279,30371,67300
469,300,engadget.com,com,28970,59284,engadget.com,com,470,300,29103,59386
470,301,enable-javascript.com,com,28970,50544,enable-javascript.com,com,471,301,29000,50623
471,302,ovhcloud.com,com,28919,65461,ovhcloud.com,com,483,304,28185,66751
472,13,azurewebsites.net,net,28797,54623,azurewebsites.net,net,457,13,29507,56030
473,23,uiuc.edu,edu,28777,45197,uiuc.edu,edu,474,23,28850,45240
474,21,hhs.gov,gov,28773,59339,hhs.gov,gov,475,21,28814,59520
475,11,guardian.co.uk,uk,28771,56048,guardian.co.uk,uk,472,11,28882,56100
476,303,w3schools.com,com,28758,53072,w3schools.com,com,473,302,28864,53114
477,58,kernel.org,org,28645,44429,kernel.org,org,476,58,28692,44412
478,304,zhihu.com,com,28623,51027,zhihu.com,com,477,303,28687,51034
479,59,unicef.org,org,28315,55068,unicef.org,org,481,60,28368,55006
480,60,science.org,org,28303,56352,science.org,org,479,59,28386,56460
481,22,usgs.gov,gov,28299,55277,usgs.gov,gov,480,23,28370,55328
482,23,census.gov,gov,28295,58062,census.gov,gov,478,22,28449,58186
483,6,m.me,me,28280,73031,m.me,me,482,6,28360,73141
484,305,shutterstock.com,com,28136,58483,shutterstock.com,com,484,305,28178,58394
485,306,getpocket.com,com,28021,75082,getpocket.com,com,486,307,28116,75167
486,307,slate.com,com,28012,58739,slate.com,com,485,306,28156,58857
487,61,openssl.org,org,28011,40626,openssl.org,org,489,61,28041,40647
488,308,photobucket.com,com,28000,53738,photobucket.com,com,488,309,28102,53752
489,309,box.com,com,27968,53062,box.com,com,487,308,28116,53212
490,1,safety.google,google,27890,72730,safety.google,google,491,1,27976,72849
491,310,variety.com,com,27880,62138,variety.com,com,490,310,27979,62263
492,62,bbb.org,org,27842,65217,bbb.org,org,492,62,27927,65339
493,311,justgeek.com,com,27823,63590,justgeek.com,com,493,311,27838,63593
494,1,in.ua,ua,27781,56859,in.ua,ua,497,1,27796,56742
495,5,people.com.cn,cn,27770,59204,people.com.cn,cn,494,5,27836,59364
496,312,feedburner.com,com,27750,57565,feedburner.com,com,495,312,27809,57685
497,63,acm.org,org,27735,48535,acm.org,org,496,63,27797,48604
498,12,www.nhs.uk,uk,27644,65396,www.nhs.uk,uk,498,12,27773,65474
499,2,go.kr,kr,27553,59816,go.kr,kr,502,2,27573,59829
500,313,aljazeera.com,com,27538,59235,aljazeera.com,com,500,313,27595,59111
501,3,bund.de,de,27536,76625,bund.de,de,501,3,27579,76707
502,24,nyu.edu,edu,27447,53273,nyu.edu,edu,499,24,27616,53410
503,2,itu.int,int,27423,43836,itu.int,int,505,2,27469,43870
504,4,spiegel.de,de,27410,58546,spiegel.de,de,503,4,27518,58577
505,64,letsencrypt.org,org,27404,43315,letsencrypt.org,org,508,64,27449,43330
506,314,2.bp.blogspot.com,com,27374,57621,2.bp.blogspot.com,com,507,315,27451,57581
507,24,senate.gov,gov,27365,57578,senate.gov,gov,504,24,27472,57631
508,315,rollingstone.com,com,27362,59987,rollingstone.com,com,506,314,27467,60053
509,316,trello.com,com,27344,56203,trello.com,com,509,316,27435,56260
510,65,iana.org,org,27338,42335,iana.org,org,510,65,27389,42351
511,317,teamviewer.com,com,27294,48467,teamviewer.com,com,513,318,27345,48448
512,25,sec.gov,gov,27293,56029,sec.gov,gov,511,25,27379,56138
513,318,indiegogo.com,com,27223,55648,indiegogo.com,com,512,317,27357,55643
514,319,netscape.com,com,27212,42619,netscape.com,com,518,321,27229,42623
515,66,rfc-editor.org,org,27211,40503,rfc-editor.org,org,517,66,27262,40514
516,320,ssrn.com,com,27207,53279,ssrn.com,com,514,319,27325,53402
517,321,qz.com,com,27193,54938,qz.com,com,515,320,27314,54960
518,13,service.gov.uk,uk,27167,60374,service.gov.uk,uk,516,13,27263,60428
519,1,lnkd.in,in,27125,48419,lnkd.in,in,520,1,27181,48429
520,322,airbnb.com,com,27118,58584,airbnb.com,com,519,322,27226,58713
521,67,apachefriends.org,org,27077,42100,apachefriends.org,org,525,68,27081,42086
522,4,qc.ca,ca,27063,56019,qc.ca,ca,521,4,27158,56018
523,68,freebsd.org,org,27044,40284,freebsd.org,org,524,67,27091,40289
524,323,pcmag.com,com,27032,55426,pcmag.com,com,522,323,27128,55528
525,324,automattic.com,com,27022,69315,automattic.com,com,526,324,27066,69277
526,1,govt.nz,nz,27014,54481,govt.nz,nz,523,1,27100,54499
527,325,politico.com,com,26920,57733,politico.com,com,527,325,27039,57734
528,326,music.apple.com,com,26916,62675,music.apple.com,com,529,327,26980,62733
529,327,jd.com,com,26914,49870,jd.com,com,528,326,26984,49945
530,1,yahoo.co.jp,jp,26900,77436,yahoo.co.jp,jp,531,1,26935,77576
531,328,barnesandnoble.com,com,26870,60197,barnesandnoble.com,com,530,328,26954,60265
532,3,google.fr,fr,26846,57765,google.fr,fr,532,3,26924,57812
533,14,mirror.co.uk,uk,26819,57951,mirror.co.uk,uk,533,14,26907,57929
534,329,wpastra.com,com,26814,79315,wpastra.com,com,534,329,26841,79313
535,330,snapchat.com,com,26678,61261,snapchat.com,com,536,331,26747,61243
536,331,pan.baidu.com,com,26647,46566,pan.baidu.com,com,538,332,26688,46631
537,2,ok.ru,ru,26636,71382,ok.ru,ru,540,2,26657,71374
538,332,pwc.com,com,26635,51343,pwc.com,com,535,330,26778,51395
539,25,purdue.edu,edu,26594,50323,purdue.edu,edu,539,25,26687,50294
540,69,fedoraproject.org,org,26556,39896,fedoraproject.org,org,541,69,26577,39878
541,2,hatena.ne.jp,jp,26509,71978,hatena.ne.jp,jp,544,2,26501,72048
542,333,atlassian.com,com,26500,47074,atlassian.com,com,542,333,26536,47174
543,334,git-scm.com,com,26443,42523,git-scm.com,com,545,334,26496,42538
544,26,usc.edu,edu,26431,50378,usc.edu,edu,543,26,26525,50414
545,335,stumbleupon.com,com,26422,57036,stumbleupon.com,com,546,335,26446,57078
546,5,google.ca,ca,26390,56372,google.ca,ca,548,5,26432,56360
547,336,addthis.com,com,26361,48763,addthis.com,com,547,336,26442,48815
548,337,buydomains.com,com,26360,50623,buydomains.com,com,556,341,26218,50169
549,338,fc2.com,com,26323,68253,fc2.com,com,550,338,26358,68227
550,339,sfgate.com,com,26315,56513,sfgate.com,com,549,337,26383,56532
551,340,euronews.com,com,26222,53759,euronews.com,com,551,339,26327,53744
552,2,cutt.ly,ly,26221,76122,cutt.ly,ly,554,2,26272,76221
553,26,energy.gov,gov,26198,55927,energy.gov,gov,552,26,26320,56035
554,341,gallup.com,com,26182,53596,gallup.com,com,553,340,26299,53767
555,1,mailinabox.email,email,26144,41408,mailinabox.email,email,537,1,26723,42465
556,342,wikia.com,com,26134,50665,wikia.com,com,557,342,26205,50690
557,14,doubleclick.net,net,26118,53586,doubleclick.net,net,555,14,26225,53725
558,70,clevelandclinic.org,org,26098,64665,clevelandclinic.org,org,559,70,26193,64834
559,27,ucsd.edu,edu,26071,48262,ucsd.edu,edu,558,27,26196,48366
560,28,duke.edu,edu,26068,49384,duke.edu,edu,560,28,26175,49468
561,4,lemonde.fr,fr,26023,53893,lemonde.fr,fr,561,4,26115,53955
562,71,thenai.org,org,25997,66498,thenai.org,org,566,71,26025,66621
563,27,justice.gov,gov,25975,55202,justice.gov,gov,563,27,26056,55267
564,3,amazon.co.jp,jp,25974,71538,amazon.co.jp,jp,569,4,25999,71725
565,343,ovh.com,com,25971,61796,ovh.com,com,570,347,25992,61903
566,4,google.co.jp,jp,25967,84330,google.co.jp,jp,568,3,26008,84434
567,344,mixcloud.com,com,25942,54140,mixcloud.com,com,572,348,25978,54194
568,1,google.es,es,25932,59696,google.es,es,571,1,25992,59716
569,345,wpengine.com,com,25929,55903,wpengine.com,com,562,343,26060,56068
570,346,howstuffworks.com,com,25902,53883,howstuffworks.com,com,565,345,26032,53968
571,347,feeds.feedburner.com,com,25881,53283,feeds.feedburner.com,com,574,350,25921,53392
572,348,livescience.com,com,25868,54313,livescience.com,com,567,346,26013,54390
573,349,bigcartel.com,com,25847,51513,bigcartel.com,com,578,352,25867,51554
574,1,wa.link,link,25835,77725,wa.link,link,577,1,25869,77839
575,350,withgoogle.com,com,25808,49347,withgoogle.com,com,575,351,25919,49389
576,351,chicagotribune.com,com,25782,54705,chicagotribune.com,com,573,349,25927,54787
577,15,thesun.co.uk,uk,25756,56008,thesun.co.uk,uk,576,15,25901,56027
578,352,bizjournals.com,com,25737,54424,bizjournals.com,com,580,353,25804,54588
579,29,ufl.edu,edu,25723,49032,ufl.edu,edu,579,29,25821,49098
580,353,udemy.com,com,25694,57147,udemy.com,com,581,354,25733,57172
581,354,siemens.com,com,25671,43220,siemens.com,com,564,344,26033,43786
582,355,webs.com,com,25632,48696,webs.com,com,582,355,25721,48764
583,15,earthlink.net,net,25546,41636,earthlink.net,net,584,15,25582,41623
584,72,nejm.org,org,25455,49063,nejm.org,org,585,73,25550,49114
585,356,chat.whatsapp.com,com,25453,64747,chat.whatsapp.com,com,587,357,25514,64836
586,73,drupal.org,org,25439,42303,drupal.org,org,589,74,25455,42301
587,357,zend.com,com,25435,39496,zend.com,com,588,358,25473,39527
588,358,timeanddate.com,com,25386,48103,timeanddate.com,com,590,359,25437,48156
589,74,telegram.org,org,25371,62962,telegram.org,org,583,72,25594,63436
590,16,thetimes.co.uk,uk,25348,52028,thetimes.co.uk,uk,591,16,25436,51970
591,359,espn.com,com,25335,56847,espn.com,com,586,356,25520,56999
592,7,heylink.me,me,25308,69757,heylink.me,me,595,7,25326,69779
593,360,history.com,com,25288,53753,history.com,com,593,361,25392,53783
594,6,on.ca,ca,25265,50170,on.ca,ca,596,6,25308,50092
595,2,smh.com.au,au,25262,52219,smh.com.au,au,594,2,25365,52244
596,361,appspot.com,com,25256,46473,appspot.com,com,592,360,25435,46626
597,362,us.com,com,25165,58217,us.com,com,598,363,25155,57601
598,363,vmware.com,com,25103,42870,vmware.com,com,597,362,25186,42943
599,75,orcid.org,org,25073,43947,orcid.org,org,599,75,25103,43990
600,364,jquery.com,com,25040,39048,jquery.com,com,603,364,25049,39091
601,17,aol.co.uk,uk,25032,40132,aol.co.uk,uk,600,17,25097,40197
602,5,rakuten.co.jp,jp,25007,66682,rakuten.co.jp,jp,604,5,25021,66852
603,28,congress.gov,gov,24955,52039,congress.gov,gov,601,28,25074,52164
604,76,kde.org,org,24941,39098,kde.org,org,606,76,24994,39089
605,30,unc.edu,edu,24924,45487,unc.edu,edu,602,30,25050,45550
606,1,google.it,it,24915,53406,google.it,it,607,1,24983,53437
607,365,hollywoodreporter.com,com,24891,54694,hollywoodreporter.com,com,605,365,24995,54785
608,366,lww.com,com,24883,50411,lww.com,com,608,366,24981,50475
609,367,bitnami.com,com,24856,35181,bitnami.com,com,614,370,24860,35187
610,77,opensource.org,org,24819,40285,opensource.org,org,611,77,24891,40352
611,368,sky.com,com,24779,52626,sky.com,com,612,368,24889,52651
612,369,scmp.com,com,24776,50079,scmp.com,com,613,369,24883,50114
613,31,umd.edu,edu,24773,44535,umd.edu,edu,609,31,24894,44634
614,370,newscientist.com,com,24762,49137,newscientist.com,com,610,367,24892,49229
615,371,technologyreview.com,com,24761,47707,technologyreview.com,com,615,371,24829,47827
616,2,kiev.ua,ua,24744,48394,kiev.ua,ua,618,2,24739,48311
617,78,slashdot.org,org,24679,41783,slashdot.org,org,617,78,24750,41813
618,29,ny.gov,gov,24650,57667,ny.gov,gov,616,29,24795,57898
619,372,techradar.com,com,24614,50011,techradar.com,com,620,372,24717,50082
620,32,msu.edu,edu,24592,45943,msu.edu,edu,619,32,24719,45963
621,373,venturebeat.com,com,24588,47712,venturebeat.com,com,621,373,24656,47804
622,1,anchor.fm,fm,24575,50061,anchor.fm,fm,622,1,24618,50015
623,79,imf.org,org,24464,47044,imf.org,org,623,79,24569,47088
624,80,perl.org,org,24438,35857,perl.org,org,627,80,24508,35912
625,3,vic.gov.au,au,24437,53742,vic.gov.au,au,624,3,24560,53854
626,374,thehill.com,com,24424,51551,thehill.com,com,625,374,24537,51584
627,33,illinois.edu,edu,24402,45481,illinois.edu,edu,626,33,24537,45589
628,81,altervista.org,org,24384,45420,altervista.org,org,628,81,24467,45383
629,6,mps.gov.cn,cn,24378,41536,mps.gov.cn,cn,630,6,24435,41569
630,375,theglobeandmail.com,com,24352,49731,theglobeandmail.com,com,629,375,24446,49787
631,8,about.me,me,24303,50317,about.me,me,631,8,24348,50278
632,7,www.gov.cn,cn,24289,51071,www.gov.cn,cn,633,7,24309,51090
633,376,mediafire.com,com,24277,52625,mediafire.com,com,634,376,24305,52545
634,377,qualtrics.com,com,24186,44262,qualtrics.com,com,635,377,24302,44361
635,378,generatepress.com,com,24173,78340,generatepress.com,com,638,378,24195,78478
636,34,ucdavis.edu,edu,24165,47398,ucdavis.edu,edu,636,34,24297,47544
637,2,gob.es,es,24124,52479,gob.es,es,637,2,24196,52543
638,2,netlify.app,app,24085,65834,netlify.app,app,639,2,24107,65844
639,379,parallels.com,com,24076,47747,parallels.com,com,641,379,24073,47714
640,380,jimdofree.com,com,24036,55903,jimdofree.com,com,643,380,24013,55968
641,30,privacyshield.gov,gov,24009,61744,privacyshield.gov,gov,642,31,24063,61866
642,381,smithsonianmag.com,com,23976,49531,smithsonianmag.com,com,644,381,24007,49462
643,31,fcc.gov,gov,23965,47184,fcc.gov,gov,640,30,24077,47225
644,382,instructables.com,com,23923,46903,instructables.com,com,646,383,24006,46793
645,383,moz.com,com,23911,50835,moz.com,com,645,382,24006,50815
646,384,dictionary.com,com,23875,47078,dictionary.com,com,648,385,23930,47181
647,385,ign.com,com,23863,49567,ign.com,com,647,384,23938,49607
648,386,zoho.com,com,23849,48205,zoho.com,com,650,386,23909,48236
649,7,utoronto.ca,ca,23835,44010,utoronto.ca,ca,649,7,23930,44029
650,2,blog.google,google,23832,49177,blog.google,google,632,2,24337,49901
651,1,shorturl.at,at,23805,46003,shorturl.at,at,652,1,23857,46069
652,6,sakura.ne.jp,jp,23760,57491,sakura.ne.jp,jp,654,6,23796,57550
653,387,proofpoint.com,com,23733,43236,proofpoint.com,com,651,387,23881,43333
654,1,web.dev,dev,23731,47885,web.dev,dev,658,1,23765,47935
655,388,nikkei.com,com,23725,55783,nikkei.com,com,653,388,23808,55928
656,389,woocommerce.com,com,23725,52682,woocommerce.com,com,656,389,23767,52689
657,35,asu.edu,edu,23685,45905,asu.edu,edu,655,35,23796,46010
658,390,evernote.com,com,23683,48449,evernote.com,com,657,390,23765,48460
659,82,en.m.wikipedia.org,org,23670,49350,en.m.wikipedia.org,org,659,82,23749,49289
660,391,appgallery.huawei.com,com,23613,82765,appgallery.huawei.com,com,661,392,23652,82875
661,392,playstation.com,com,23571,50331,playstation.com,com,660,391,23683,50451
662,393,rt.com,com,23521,45147,rt.com,com,662,393,23635,45222
663,394,podbean.com,com,23491,47171,podbean.com,com,667,396,23525,47154
664,18,express.co.uk,uk,23486,48701,express.co.uk,uk,663,18,23576,48651
665,8,chinadaily.com.cn,cn,23481,43980,chinadaily.com.cn,cn,665,8,23544,44021
666,395,semrush.com,com,23473,52552,semrush.com,com,664,394,23557,52591
667,396,gotowebinar.com,com,23463,37575,gotowebinar.com,com,666,395,23534,37614
668,36,northwestern.edu,edu,23376,45473,northwestern.edu,edu,668,36,23483,45542
669,397,nike.com,com,23368,48141,nike.com,com,671,398,23416,48255
670,398,visualstudio.com,com,23345,42925,visualstudio.com,com,670,397,23419,43018
671,32,archives.gov,gov,23333,46537,archives.gov,gov,669,32,23428,46613
672,399,de-de.facebook.com,com,23331,69594,de-de.facebook.com,com,673,400,23355,69680
673,1,uol.com.br,br,23277,53476,uol.com.br,br,675,1,23334,53555
674,400,fliphtml5.com,com,23276,41841,fliphtml5.com,com,676,401,23328,41897
675,1,go.th,th,23266,47770,go.th,th,677,1,23295,47853
676,401,duckduckgo.com,com,23250,43621,duckduckgo.com,com,672,399,23363,43694
677,19,ucl.ac.uk,uk,23242,41703,ucl.ac.uk,uk,674,19,23355,41739
678,402,angelfire.com,com,23205,42762,angelfire.com,com,678,402,23247,42747
679,403,economictimes.indiatimes.com,com,23184,48722,economictimes.indiatimes.com,com,679,403,23246,48754
680,404,mystrikingly.com,com,23145,48636,mystrikingly.com,com,680,404,23177,48626
681,83,nodejs.org,org,23093,39123,nodejs.org,org,682,83,23153,39140
682,405,people.com,com,23075,52601,people.com,com,681,405,23163,52692
683,33,medlineplus.gov,gov,23030,51532,medlineplus.gov,gov,683,33,23125,51710
684,84,gutenberg.org,org,23015,41935,gutenberg.org,org,684,84,23082,41952
685,406,laravel.com,com,22947,35970,laravel.com,com,686,406,22938,35929
686,407,so.com,com,22854,48063,so.com,com,689,408,22865,48060
687,8,ubc.ca,ca,22851,42643,ubc.ca,ca,687,8,22935,42645
688,37,rutgers.edu,edu,22813,41784,rutgers.edu,edu,685,37,22944,41825
689,408,eu.com,com,22758,53239,eu.com,com,693,410,22786,53040
690,409,nymag.com,com,22751,48023,nymag.com,com,688,407,22880,48117
691,38,arizona.edu,edu,22743,43072,arizona.edu,edu,691,38,22818,43116
692,85,dmoz.org,org,22737,34612,dmoz.org,org,696,86,22760,34601
693,410,amd.com,com,22732,40441,amd.com,com,690,409,22824,40493
694,411,steamcommunity.com,com,22717,46078,steamcommunity.com,com,694,411,22763,46183
695,39,colorado.edu,edu,22674,42104,colorado.edu,edu,695,39,22762,42191
696,34,fbi.gov,gov,22639,44774,fbi.gov,gov,697,34,22725,44907
697,86,semanticscholar.org,org,22636,42472,semanticscholar.org,org,692,85,22788,42635
698,87,faqs.org,org,22605,34100,faqs.org,org,699,87,22661,34125
699,412,weather.com,com,22581,43250,weather.com,com,698,412,22703,43314
700,413,lenovo.com,com,22564,41974,lenovo.com,com,700,413,22657,42102
701,414,fiverr.com,com,22559,52937,fiverr.com,com,701,414,22597,52950
702,9,miitbeian.gov.cn,cn,22513,42945,miitbeian.gov.cn,cn,703,9,22518,42935
703,3,mail.ru,ru,22477,52088,mail.ru,ru,704,3,22503,52046
704,415,ey.com,com,22460,40677,ey.com,com,702,415,22557,40755
705,88,undp.org,org,22420,40622,undp.org,org,705,88,22479,40652
706,3,coe.int,int,22372,40222,coe.int,int,714,3,22360,40181
707,416,autodesk.com,com,22364,39370,autodesk.com,com,708,417,22439,39342
708,89,icann.org,org,22360,40070,icann.org,org,711,90,22404,40076
709,90,heart.org,org,22340,45552,heart.org,org,706,89,22459,45661
710,91,cancer.org,org,22336,47351,cancer.org,org,712,91,22402,47427
711,417,ifeng.com,com,22333,45093,ifeng.com,com,710,418,22405,45160
712,418,cell.com,com,22323,43353,cell.com,com,707,416,22445,43430
713,35,va.gov,gov,22316,45230,va.gov,gov,709,35,22428,45336
714,9,bc.ca,ca,22312,43524,bc.ca,ca,713,9,22382,43514
715,419,iubenda.com,com,22298,52848,iubenda.com,com,717,420,22345,52841
716,420,ning.com,com,22285,42596,ning.com,com,718,421,22334,42677
717,1,gob.ar,ar,22264,46642,gob.ar,ar,720,1,22311,46681
718,421,schneier.com,com,22251,34574,schneier.com,com,723,423,22268,34574
719,40,brookings.edu,edu,22246,44566,brookings.edu,edu,716,40,22348,44600
720,422,npmjs.com,com,22245,39450,npmjs.com,com,719,422,22322,39540
721,423,thoughtco.com,com,22244,44879,thoughtco.com,com,715,419,22357,44904
722,36,usa.gov,gov,22214,44357,usa.gov,gov,721,36,22309,44541
723,2,lin.ee,ee,22183,77198,lin.ee,ee,729,2,22197,77451
724,41,virginia.edu,edu,22176,39733,virginia.edu,edu,722,41,22287,39773
725,424,garmin.com,com,22169,41865,garmin.com,com,724,424,22264,41916
726,425,mozilla.com,com,22169,38595,mozilla.com,com,727,426,22242,38682
727,37,dot.gov,gov,22167,43304,dot.gov,gov,728,37,22239,43357
728,92,phys.org,org,22156,43593,phys.org,org,726,92,22245,43676
729,426,axios.com,com,22139,47036,axios.com,com,725,425,22248,47101
730,7,ameblo.jp,jp,22113,61518,ameblo.jp,jp,732,7,22115,61659
731,427,lifehacker.com,com,22094,44065,lifehacker.com,com,730,427,22190,44080
732,428,nydailynews.com,com,22073,45537,nydailynews.com,com,731,428,22155,45630
733,20,metro.co.uk,uk,21995,46166,metro.co.uk,uk,733,20,22115,46120
734,93,cpan.org,org,21955,32267,cpan.org,org,736,94,21961,32248
735,2,gv.at,at,21928,47719,gv.at,at,735,2,22008,47806
736,94,ilo.org,org,21928,38961,ilo.org,org,734,93,22019,39030
737,5,ccc.de,de,21855,34739,ccc.de,de,741,5,21877,34728
738,429,today.com,com,21849,47424,today.com,com,738,430,21950,47467
739,430,libsyn.com,com,21838,45808,libsyn.com,com,737,429,21958,45859
740,2,notion.site,site,21824,44542,notion.site,site,740,2,21887,44604
741,431,uber.com,com,21794,44072,uber.com,com,739,431,21915,44212
742,432,digitalocean.com,com,21777,38863,digitalocean.com,com,748,434,21787,38829
743,38,cancer.gov,gov,21771,44453,cancer.gov,gov,743,39,21836,44542
744,433,digitaltrends.com,com,21751,42975,digitaltrends.com,com,745,432,21831,43013
745,42,bu.edu,edu,21741,41882,bu.edu,edu,747,42,21820,41872
746,434,sap.com,com,21732,38339,sap.com,com,746,433,21829,38366
747,39,uspto.gov,gov,21726,39860,uspto.gov,gov,744,40,21834,39948
748,40,treasury.gov,gov,21715,44007,treasury.gov,gov,742,38,21874,44107
749,95,khanacademy.org,org,21694,42406,khanacademy.org,org,749,95,21774,42429
750,96,imagemagick.org,org,21662,32900,imagemagick.org,org,755,96,21693,32903
751,41,dhs.gov,gov,21647,41719,dhs.gov,gov,750,41,21753,41805
752,435,olympics.com,com,21646,42691,olympics.com,com,753,435,21721,42698
753,43,osu.edu,edu,21636,42705,osu.edu,edu,752,43,21730,42719
754,436,cctv.com,com,21633,49898,cctv.com,com,756,436,21681,50022
755,1,translate.goog,goog,21632,42266,translate.goog,goog,751,1,21735,42351
756,437,caniuse.com,com,21626,34036,caniuse.com,com,757,437,21654,33992
757,42,wa.gov,gov,21588,43941,wa.gov,gov,754,42,21696,44113
758,4,vkontakte.ru,ru,21575,43247,vkontakte.ru,ru,760,4,21606,43328
759,1,haxx.se,se,21552,32263,haxx.se,se,761,1,21598,32254
760,438,verisign.com,com,21540,32287,verisign.com,com,762,440,21567,32293
761,439,chron.com,com,21522,43795,chron.com,com,758,438,21641,43857
762,97,joomla.org,org,21518,38198,joomla.org,org,764,97,21539,38213
763,440,accenture.com,com,21508,39491,accenture.com,com,759,439,21632,39553
764,441,nasdaq.com,com,21454,43225,nasdaq.com,com,763,441,21543,43278
765,442,tmall.com,com,21443,38749,tmall.com,com,767,444,21479,38827
766,443,webex.com,com,21441,33867,webex.com,com,765,442,21511,33969
767,444,nba.com,com,21436,43916,nba.com,com,766,443,21490,43916
768,98,iop.org,org,21392,38967,iop.org,org,768,98,21477,39124
769,99,openldap.org,org,21379,29984,openldap.org,org,772,99,21389,29962
770,445,thedailybeast.com,com,21369,44584,thedailybeast.com,com,769,445,21474,44616
771,446,binance.com,com,21360,51565,binance.com,com,771,446,21397,51624
772,447,cdn.shopify.com,com,21315,42681,cdn.shopify.com,com,775,447,21374,42635
773,10,amazon.ca,ca,21306,46960,amazon.ca,ca,773,10,21387,46987
774,448,java.com,com,21298,33536,java.com,com,777,449,21361,33565
775,449,mlb.com,com,21292,44084,mlb.com,com,776,448,21362,44147
776,450,prezi.com,com,21286,36896,prezi.com,com,779,451,21343,36900
777,43,usembassy.gov,gov,21262,40654,usembassy.gov,gov,770,43,21408,40689
778,21,blogspot.co.uk,uk,21250,44205,blogspot.co.uk,uk,774,21,21381,44210
779,451,salon.com,com,21241,42190,salon.com,com,778,450,21343,42266
780,452,hootsuite.com,com,21225,43627,hootsuite.com,com,782,454,21289,43629
781,1,army.mil,mil,21219,40270,army.mil,mil,783,1,21288,40319
782,5,spb.ru,ru,21208,40923,spb.ru,ru,790,5,21218,40897
783,453,france24.com,com,21207,42796,france24.com,com,785,456,21280,42824
784,44,tamu.edu,edu,21189,39702,tamu.edu,edu,789,44,21245,39767
785,454,urldefense.com,com,21183,40120,urldefense.com,com,784,455,21286,40253
786,4,webflow.io,io,21181,41584,webflow.io,io,786,4,21259,41725
787,455,thebalancemoney.com,com,21180,44405,thebalancemoney.com,com,781,453,21307,44416
788,4,nsw.gov.au,au,21165,44240,nsw.gov.au,au,787,4,21258,44308
789,456,asus.com,com,21134,39313,asus.com,com,788,457,21253,39408
790,457,cygwin.com,com,21121,31405,cygwin.com,com,794,459,21155,31405
791,458,target.com,com,21118,48473,target.com,com,791,458,21209,48533
792,2,imageshack.us,us,21115,37910,imageshack.us,us,793,2,21160,37871
793,3,square.site,site,21070,47493,square.site,site,799,3,21089,47532
794,459,iheart.com,com,21068,43757,iheart.com,com,797,461,21119,43721
795,460,boston.com,com,21050,40997,boston.com,com,795,460,21133,41032
796,461,globo.com,com,21043,50178,globo.com,com,798,462,21105,50249
797,44,dol.gov,gov,21042,42568,dol.gov,gov,792,44,21179,42679
798,2,ethz.ch,ch,21023,37558,ethz.ch,ch,796,2,21123,37616
799,16,fbcdn.net,net,21021,38893,fbcdn.net,net,800,16,21085,38843
800,462,novell.com,com,21004,31190,novell.com,com,801,463,21037,31174
801,2,youronlinechoices.eu,eu,20916,45911,youronlinechoices.eu,eu,802,2,21008,46043
802,5,news.com.au,au,20907,41296,news.com.au,au,803,5,20996,41331
803,9,paypal.me,me,20904,43270,paypal.me,me,806,9,20932,43319
804,463,githubusercontent.com,com,20889,34789,githubusercontent.com,com,805,465,20952,34778
805,100,bitbucket.org,org,20869,34273,bitbucket.org,org,807,100,20921,34256
806,464,crunchbase.com,com,20868,44049,crunchbase.com,com,804,464,20962,44188
807,465,digital.com,com,20839,31110,digital.com,com,809,466,20876,31109
808,101,sitemaps.org,org,20838,44194,sitemaps.org,org,808,101,20914,44264
809,466,kaspersky.com,com,20792,38262,kaspersky.com,com,811,468,20866,38323
810,102,consumerreports.org,org,20786,44121,consumerreports.org,org,812,102,20865,44183
811,467,fool.com,com,20785,42397,fool.com,com,810,467,20873,42515
812,468,hyatt.com,com,20772,38958,hyatt.com,com,813,469,20858,39018
813,5,lefigaro.fr,fr,20722,42064,lefigaro.fr,fr,814,5,20792,42120
814,103,ohchr.org,org,20718,39538,ohchr.org,org,815,103,20791,39531
815,1,is.gd,gd,20699,39848,is.gd,gd,819,1,20704,39768
816,6,amazon.fr,fr,20689,43478,amazon.fr,fr,817,6,20729,43522
817,469,billboard.com,com,20665,43358,billboard.com,com,816,470,20747,43470
818,470,bitly.com,com,20633,38064,bitly.com,com,820,471,20702,38088
819,471,vanityfair.com,com,20610,42675,vanityfair.com,com,823,474,20617,42720
820,45,texas.gov,gov,20604,43409,texas.gov,gov,818,45,20710,43513
821,472,twimg.com,com,20603,40075,twimg.com,com,821,472,20654,40032
822,3,flic.kr,kr,20557,37281,flic.kr,kr,824,3,20599,37251
823,45,utah.edu,edu,20534,38307,utah.edu,edu,825,45,20598,38319
824,10,google.cn,cn,20527,36613,google.cn,cn,827,10,20555,36631
825,473,tableau.com,com,20520,38746,tableau.com,com,822,473,20631,38806
826,104,hopkinsmedicine.org,org,20495,44358,hopkinsmedicine.org,org,826,104,20596,44512
827,474,gmail.com,com,20475,37623,gmail.com,com,828,475,20525,37646
828,1,1drv.ms,ms,20450,35702,1drv.ms,ms,829,1,20520,35709
829,475,vogue.com,com,20435,43824,vogue.com,com,831,477,20511,43893
830,3,ibb.co,co,20413,40294,ibb.co,co,835,3,20417,40212
831,476,ihg.com,com,20411,36420,ihg.com,com,830,476,20516,36512
832,3,vercel.app,app,20410,41759,vercel.app,app,832,3,20496,41849
833,17,csdn.net,net,20401,30719,csdn.net,net,833,17,20438,30707
834,105,matomo.org,org,20327,37625,matomo.org,org,838,106,20345,37596
835,106,greenpeace.org,org,20318,37394,greenpeace.org,org,834,105,20420,37469
836,477,ea.com,com,20302,40509,ea.com,com,836,478,20373,40546
837,478,theregister.com,com,20288,36657,theregister.com,com,837,479,20346,36702
838,479,voanews.com,com,20261,39548,voanews.com,com,839,480,20335,39543
839,22,ed.ac.uk,uk,20250,35961,ed.ac.uk,uk,840,22,20327,36018
840,480,blogger.googleusercontent.com,com,20212,49244,blogger.googleusercontent.com,com,844,482,20233,49283
841,481,gamespot.com,com,20197,39699,gamespot.com,com,845,483,20232,39713
842,46,georgetown.edu,edu,20164,36852,georgetown.edu,edu,841,46,20245,36886
843,482,upwork.com,com,20161,44041,upwork.com,com,847,485,20221,44132
844,483,att.com,com,20155,36847,att.com,com,842,481,20241,36937
845,484,zillow.com,com,20150,41976,zillow.com,com,848,486,20202,42100
846,485,calameo.com,com,20149,36862,calameo.com,com,846,484,20223,36913
847,486,broadcom.com,com,20125,33151,broadcom.com,com,780,452,21335,35083
848,487,istockphoto.com,com,20120,40739,istockphoto.com,com,853,490,20156,40662
849,47,wustl.edu,edu,20106,36778,wustl.edu,edu,843,47,20237,36879
850,4,wipo.int,int,20102,34078,wipo.int,int,851,4,20180,34117
851,488,lego.com,com,20091,38338,lego.com,com,850,488,20193,38399
852,489,hindustantimes.com,com,20083,42832,hindustantimes.com,com,852,489,20156,42832
853,490,kpmg.com,com,20065,35716,kpmg.com,com,849,487,20197,35888
854,491,500px.com,com,20061,47926,500px.com,com,855,491,20120,47922
855,492,foursquare.com,com,20043,38468,foursquare.com,com,858,494,20096,38545
856,107,nobelprize.org,org,20039,36248,nobelprize.org,org,854,107,20136,36309
857,493,nintendo.com,com,20035,42814,nintendo.com,com,856,492,20105,42859
858,494,yumpu.com,com,20023,36928,yumpu.com,com,859,495,20076,37015
859,495,urbandictionary.com,com,20017,39417,urbandictionary.com,com,857,493,20098,39471
860,108,centos.org,org,20011,28320,centos.org,org,862,108,20050,28380
861,2,or.id,id,19997,48304,or.id,id,874,2,19951,48162
862,2,google.nl,nl,19992,45143,google.nl,nl,860,2,20059,45099
863,496,sketchfab.com,com,19982,36565,sketchfab.com,com,872,503,19998,36545
864,497,fontawesome.com,com,19979,42883,fontawesome.com,com,870,501,20002,42911
865,498,thefreedictionary.com,com,19978,36746,thefreedictionary.com,com,863,497,20044,36828
866,499,houzz.com,com,19975,41372,houzz.com,com,873,504,19992,41426
867,500,xbox.com,com,19966,41283,xbox.com,com,861,496,20053,41343
868,18,speedtest.net,net,19954,35327,speedtest.net,net,869,18,20009,35395
869,501,americanexpress.com,com,19947,40242,americanexpress.com,com,867,500,20019,40272
870,502,fifa.com,com,19947,40048,fifa.com,com,865,499,20034,40160
871,503,ndtv.com,com,19936,42154,ndtv.com,com,864,498,20041,42217
872,109,aarp.org,org,19918,41019,aarp.org,org,868,109,20011,41135
873,48,ncsu.edu,edu,19917,35940,ncsu.edu,edu,866,48,20026,35955
874,504,lonelyplanet.com,com,19893,38698,lonelyplanet.com,com,871,502,20000,38748
875,2,navy.mil,mil,19875,36060,navy.mil,mil,876,2,19940,36134
876,505,deezer.com,com,19836,39538,deezer.com,com,877,505,19915,39643
877,23,eventbrite.co.uk,uk,19826,41475,eventbrite.co.uk,uk,875,23,19951,41494
878,506,amazon-adsystem.com,com,19773,56258,amazon-adsystem.com,com,879,506,19791,56336
879,507,i2.wp.com,com,19748,44212,i2.wp.com,com,880,507,19777,44103
880,110,wireshark.org,org,19724,30273,wireshark.org,org,884,110,19756,30276
881,508,force.com,com,19723,34798,force.com,com,885,509,19729,34758
882,49,ucsb.edu,edu,19710,37002,ucsb.edu,edu,882,50,19769,37055
883,50,indiana.edu,edu,19708,33456,indiana.edu,edu,881,49,19770,33517
884,46,nyc.gov,gov,19690,39585,nyc.gov,gov,878,46,19808,39696
885,509,medscape.com,com,19687,36715,medscape.com,com,883,508,19769,36739
886,510,pastebin.com,com,19647,36630,pastebin.com,com,886,510,19722,36617
887,111,unep.org,org,19643,35383,unep.org,org,890,111,19677,35422
888,2,last.fm,fm,19623,36131,last.fm,fm,889,2,19680,36178
889,112,hrw.org,org,19605,39080,hrw.org,org,891,112,19674,39114
890,3,ipcc.ch,ch,19595,35405,ipcc.ch,ch,887,3,19716,35447
891,511,deadline.com,com,19590,42882,deadline.com,com,888,511,19688,42973
892,512,prestashop.com,com,19548,37581,prestashop.com,com,895,512,19577,37592
893,51,pitt.edu,edu,19526,35385,pitt.edu,edu,893,51,19599,35425
894,6,mpg.de,de,19524,32997,mpg.de,de,892,6,19602,33049
895,513,domaintools.com,com,19517,35050,domaintools.com,com,896,513,19576,35079
896,5,esa.int,int,19513,34396,esa.int,int,894,5,19588,34503
897,113,lua.org,org,19496,29171,lua.org,org,901,113,19512,29164
898,2,google.co.in,in,19449,39801,google.co.in,in,900,2,19512,39828
899,514,ycombinator.com,com,19434,36944,ycombinator.com,com,902,517,19485,37028
900,515,pcworld.com,com,19431,35086,pcworld.com,com,897,514,19536,35145
901,516,mi.com,com,19420,33386,mi.com,com,899,516,19514,33458
902,517,cbslocal.com,com,19415,39346,cbslocal.com,com,898,515,19514,39347
903,518,douban.com,com,19382,46490,douban.com,com,904,518,19417,46524
904,8,nhk.or.jp,jp,19375,48645,nhk.or.jp,jp,906,8,19349,48631
905,47,cia.gov,gov,19349,34268,cia.gov,gov,903,47,19430,34320
906,519,mapquest.com,com,19301,36917,mapquest.com,com,905,519,19370,36981
907,520,termsfeed.com,com,19284,59067,termsfeed.com,com,911,521,19304,59098
908,5,itch.io,io,19277,38826,itch.io,io,907,5,19342,38841
909,521,securityfocus.com,com,19273,28453,securityfocus.com,com,912,522,19289,28437
910,7,heise.de,de,19266,39558,heise.de,de,908,7,19336,39571
911,3,lazada.co.id,id,19260,77845,lazada.co.id,id,910,3,19325,77987
912,114,mediawiki.org,org,19257,30347,mediawiki.org,org,914,114,19266,30298
913,522,usps.com,com,19250,37653,usps.com,com,909,520,19334,37713
914,523,colorlib.com,com,19140,38743,colorlib.com,com,920,525,19155,38732
915,1,envato.market,market,19135,44302,envato.market,market,916,1,19183,44416
916,524,glassdoor.com,com,19105,39077,glassdoor.com,com,915,523,19222,39229
917,115,zh.wikipedia.org,org,19104,34313,zh.wikipedia.org,org,919,115,19159,34338
918,525,trendmicro.com,com,19096,33815,trendmicro.com,com,918,524,19172,33839
919,526,tesla.com,com,19069,38329,tesla.com,com,921,526,19145,38401
920,116,fr.wordpress.org,org,19067,45758,fr.wordpress.org,org,924,116,19100,45823
921,117,isc.org,org,19062,27733,isc.org,org,926,117,19075,27731
922,24,standard.co.uk,uk,19023,39384,standard.co.uk,uk,925,24,19092,39425
923,527,verywellmind.com,com,19021,40961,verywellmind.com,com,922,527,19132,41061
924,528,themegrill.com,com,19017,45653,themegrill.com,com,927,529,19044,45690
925,529,moodle.com,com,19005,28473,moodle.com,com,929,531,19000,28441
926,530,service.weibo.com,com,19004,29293,service.weibo.com,com,928,530,19044,29320
927,531,verizon.com,com,18994,36103,verizon.com,com,923,528,19113,36250
928,532,perl.com,com,18966,27664,perl.com,com,930,532,18991,27667
929,6,google.ru,ru,18950,36345,google.ru,ru,932,6,18983,36309
930,3,t.ly,ly,18942,73557,t.ly,ly,917,3,19175,74084
931,533,foodnetwork.com,com,18929,40267,foodnetwork.com,com,931,533,18985,40283
932,534,yandex.com,com,18899,35866,yandex.com,com,936,535,18945,35857
933,2,lazada.co.th,th,18875,75893,lazada.co.th,th,935,2,18948,76002
934,535,snopes.com,com,18874,36171,snopes.com,com,937,536,18935,36165
935,118,metmuseum.org,org,18869,35532,metmuseum.org,org,933,118,18969,35633
936,536,timeout.com,com,18861,38134,timeout.com,com,934,534,18954,38186
937,119,gimp.org,org,18809,32677,gimp.org,org,944,120,18864,32641
938,120,eurekalert.org,org,18806,36286,eurekalert.org,org,939,119,18918,36320
939,2,yp.to,to,18805,27677,yp.to,to,950,2,18826,27671
940,2,lazada.com.ph,ph,18802,75565,lazada.com.ph,ph,942,2,18869,75673
941,8,welt.de,de,18802,39144,welt.de,de,940,8,18891,39183
942,1,vatican.va,va,18789,36011,vatican.va,va,946,1,18854,36046
943,537,thestar.com,com,18778,38413,thestar.com,com,941,538,18873,38479
944,538,sony.com,com,18774,34711,sony.com,com,945,539,18857,34711
945,6,google.com.au,au,18767,37529,google.com.au,au,943,6,18867,37604
946,19,rs6.net,net,18766,36511,rs6.net,net,957,19,18800,36520
947,539,ahrefs.com,com,18760,41034,ahrefs.com,com,959,545,18795,40979
948,540,1688.com,com,18757,33444,1688.com,com,964,548,18754,33438
949,541,feedly.com,com,18756,47742,feedly.com,com,949,541,18826,47771
950,542,bostonglobe.com,com,18752,37529,bostonglobe.com,com,947,540,18829,37559
951,543,wufoo.com,com,18748,36254,wufoo.com,com,952,542,18824,36311
952,544,gumroad.com,com,18742,39928,gumroad.com,com,965,549,18753,39917
953,545,indianexpress.com,com,18740,38942,indianexpress.com,com,960,546,18789,38917
954,3,nic.in,in,18739,45521,nic.in,in,958,3,18796,45525
955,546,gettyimages.com,com,18734,37511,gettyimages.com,com,956,544,18805,37453
956,48,osha.gov,gov,18727,36420,osha.gov,gov,948,49,18829,36529
957,25,ebay.co.uk,uk,18725,36464,ebay.co.uk,uk,951,25,18824,36499
958,121,craigslist.org,org,18717,37270,craigslist.org,org,953,121,18820,37312
959,49,defense.gov,gov,18717,36520,defense.gov,gov,954,50,18816,36531
960,11,globalnews.ca,ca,18707,38523,globalnews.ca,ca,962,11,18783,38480
961,547,prweb.com,com,18690,34366,prweb.com,com,955,543,18812,34426
962,548,adweek.com,com,18671,35813,adweek.com,com,961,547,18785,35925
963,549,over-blog.com,com,18671,35576,over-blog.com,com,970,553,18709,35574
964,50,dataprivacyframework.gov,gov,18668,48281,dataprivacyframework.gov,gov,979,51,18630,48247
965,550,auctollo.com,com,18664,39870,auctollo.com,com,968,551,18726,39943
966,551,flaticon.com,com,18662,35135,flaticon.com,com,969,552,18713,35184
967,122,iea.org,org,18647,34950,iea.org,org,963,122,18781,35017
968,52,tufts.edu,edu,18644,33734,tufts.edu,edu,967,52,18738,33759
969,53,caltech.edu,edu,18627,33272,caltech.edu,edu,972,53,18691,33299
970,11,news.cn,cn,18623,35277,news.cn,cn,973,11,18677,35331
971,552,bell-labs.com,com,18613,27186,bell-labs.com,com,976,556,18648,27193
972,553,seattletimes.com,com,18610,37348,seattletimes.com,com,977,557,18639,37408
973,554,fedex.com,com,18607,33397,fedex.com,com,974,555,18672,33422
974,51,weather.gov,gov,18598,36526,weather.gov,gov,913,48,19267,37838
975,555,panasonic.com,com,18594,34429,panasonic.com,com,966,550,18749,34666
976,556,dreamhost.com,com,18592,55945,dreamhost.com,com,982,559,18582,55917
977,6,redis.io,io,18586,27930,redis.io,io,978,6,18633,27955
978,557,nokia.com,com,18583,31472,nokia.com,com,938,537,18924,31809
979,123,ourworldindata.org,org,18567,35507,ourworldindata.org,org,975,123,18652,35487
980,52,sba.gov,gov,18532,37586,sba.gov,gov,980,52,18629,37672
981,1,notion.so,so,18530,37455,notion.so,so,984,1,18570,37469
982,558,meta.com,com,18521,37168,meta.com,com,971,554,18699,37372
983,124,amnesty.org,org,18480,36218,amnesty.org,org,983,124,18578,36244
984,559,space.com,com,18475,36519,space.com,com,981,558,18586,36543
985,53,ssa.gov,gov,18474,38747,ssa.gov,gov,985,53,18541,38821
986,2,curl.se,se,18455,27595,curl.se,se,991,2,18497,27604
987,125,wikisource.org,org,18444,32021,wikisource.org,org,987,125,18534,32023
988,54,cuny.edu,edu,18432,34884,cuny.edu,edu,992,54,18487,34909
989,9,b.hatena.ne.jp,jp,18427,54445,b.hatena.ne.jp,jp,995,9,18434,54516
990,560,discovery.com,com,18414,33142,discovery.com,com,988,561,18509,33159
991,561,smugmug.com,com,18410,35073,smugmug.com,com,989,562,18507,35111
992,562,answers.com,com,18406,32597,answers.com,com,994,564,18474,32595
993,563,irishtimes.com,com,18405,35761,irishtimes.com,com,990,563,18497,35778
994,564,urldefense.proofpoint.com,com,18399,33236,urldefense.proofpoint.com,com,986,560,18534,33329
995,55,unl.edu,edu,18379,33049,unl.edu,edu,993,55,18480,33106
996,565,accor.com,com,18366,32005,accor.com,com,1001,566,18393,32025
997,12,sfu.ca,ca,18360,31431,sfu.ca,ca,1000,12,18396,31425
998,56,hawaii.edu,edu,18358,31479,hawaii.edu,edu,996,56,18429,31535
999,1,lazada.com.my,my,18335,74719,lazada.com.my,my,998,1,18402,74815
